Workbook

Sheet Панель
A1: Польский до разговорного B1 — трекер
A2: Всё считается автоматически. Заполняешь только вкладки Дни, Разговоры, Единицы, Замеры, Ошибки.
A4: ПУТЬ
A5: Дней пройдено (выход сделан) | B5: =COUNTIF(Дни!J5:J44,"✓") -> 0
A6: Доля пути | B6: =COUNTIF(Дни!J5:J44,"✓")/40 -> 0
A7: Критериев выполнено | B7: =COUNTIF(Дни!L5:L44,"✓") -> 0
A8: Материалов отправлено в чат | B8: =COUNTIF(Дни!M5:M44,"✓") -> 0
A9: Полный режим / мини | B9: =COUNTIF(Дни!F5:F44,"полный") -> 0 | C9: =COUNTIF(Дни!F5:F44,"мини") -> 0
A11: ГЛАВНЫЙ ТРЕК: РАЗГОВОР
A12: Разговоров всего | B12: =COUNTA(Разговоры!A6:A85) -> 0
A13: Минут суммарно | B13: =SUM(Разговоры!D6:D85) -> 0
A14: Средняя длина, мин | B14: =IFERROR(AVERAGE(Разговоры!D6:D85),"")
A15: Самый длинный, мин | B15: =IFERROR(MAX(Разговоры!D6:D85),"") -> 0
A16: В компании (двое поляков и больше) | B16: =COUNTIF(Разговоры!F6:F85,"✓") -> 0
A17: Трудных разговоров | B17: =COUNTIF(Разговоры!G6:G85,"✓") -> 0
A18: Ушёл в другой язык | B18: =COUNTIF(Разговоры!H6:H85,"✓") -> 0
A19: Из пяти запланированных трудных: 10, 25, 30, 38, 39
A21: ЕДИНИЦЫ
A22: Единиц записано | B22: =COUNTA(Единицы!F6:F205) -> 0
A23: Из них произнесено вслух | B23: =COUNTIF(Единицы!H6:H205,"✓") -> 0
A24: Доля активированных | B24: =IFERROR(COUNTIF(Единицы!H6:H205,"✓")/COUNTA(Единицы!F6:F205),"")
A25: Добыто из провалов | B25: =COUNTIF(Единицы!C6:C205,"провал") -> 0
A27: ЗАМЕРЫ | B27: День 1 | C27: День 20 | D27: День 40
A28: Остановок >2 сек | B28: =IF(Замеры!D5="","",Замеры!D5) | C28: =IF(Замеры!D6="","",Замеры!D6) | D28: =IF(Замеры!D7="","",Замеры!D7)
A29: Длиннейший кусок, сек | B29: =IF(Замеры!E5="","",Замеры!E5) | C29: =IF(Замеры!E6="","",Замеры!E6) | D29: =IF(Замеры!E7="","",Замеры!E7)
A30: Остановок на случайной теме | B30: =IF(Замеры!H5="","",Замеры!H5) | C30: =IF(Замеры!H6="","",Замеры!H6) | D30: =IF(Замеры!H7="","",Замеры!H7)
A32: ОШИБКИ: ЧТО ЕЩЁ ЖИВО
A33: Всего пойманных | B33: =IF(COUNT(Ошибки!C5:J14)=0,"",SUM(Ошибки!C5:J14))
A34: Круг 1 против круга 8 | B34: =IF(COUNT(Ошибки!C5:C14)=0,"",SUM(Ошибки!C5:C14)) | C34: =IF(COUNT(Ошибки!J5:J14)=0,"",SUM(Ошибки!J5:J14))
A36: Единственная метрика, которая по-настоящему важна, — количество разговоров. Остальное её обслуживает.
A38: Как пользоваться
A39: 1. Открыл «Дни», нашёл следующий незакрытый номер — там же тема и критерий.
A40: 2. Отметил ✓ по четырём трекам плюс «Разговор», если он был.
A41: 3. Практика идёт на точность, выход — на беглость. Одновременно никогда.
A42: 4. Единицы — в тот же день. Без галочки «сказал вслух» единица не выучена.
A43: 5. Замеры — только в дни 1, 20 и 40, обе части подряд.

Sheet Дни
A1: Сорок дней
A2: Отмечай ✓ в синих колонках. День — единица работы, а не дата: пропустил, продолжаешь со следующего номера.
A4: День | B4: Круг | C4: Тема дня | D4: Критерий дня | E4: Дата | F4: Режим | G4: Ядро | H4: Практика | I4: Вход | J4: Выход | K4: Разговор | L4: Критерий | M4: В чат | N4: Заметка
A5: 1 | B5: 1. Запуск: глагол | C5: Нулевой замер | D5: Список из 5–8 остановок; записаны обе части замера
A6: 2 | B6: 1. Запуск: глагол | C6: Двадцать глаголов в настоящем | D6: Форма выходит меньше чем за секунду
A7: 3 | B7: 1. Запуск: глагол | C7: Слова-смазки и фразы починки | D7: Ни одного зависания дольше 2 секунд из-за поиска слова
A8: 4 | B8: 1. Запуск: глагол | C8: Прошедшее: мужская ветка | D8: Ни одного соскока в настоящее время
A9: 5 | B9: 1. Запуск: глагол | C9: Связка и творительный | D9: 20 из 20 со связкой; прилагательное осталось в именительном
A10: 6 | B10: 2. Вопрос | C10: Вопросительные слова | D10: 6 реплик подряд без перехода на русский
A11: 7 | B11: 2. Вопрос | C11: Pan / Pani | D11: Ни одного соскока на ty с незнакомым
A12: 8 | B12: 2. Вопрос | C12: Местоимения | D12: Daj mu wodę: у dać получатель в Celowniku
A13: 9 | B13: 2. Вопрос | C13: Отрицание | D13: Biernik уходит в dopełniacz сам; остальные падежи не двигаются
A14: 10 | B14: 2. Вопрос | C14: Трудный разговор №1 | D14: Провёл и не сбежал в английский
A15: 11 | B15: 3. Падежи на скорость | C15: Biernik | D15: Меньше секунды на выбор формы
A16: 12 | B16: 3. Падежи на скорость | C16: Dopełniacz | D16: szukam apteki без раздумья
... A44: 40 | B44: 8. Сборка | C44: ФИНАЛЬНЫЙ ЗАМЕР | D44: Остановок вдвое меньше; связный кусок от 40 секунд
A46: Жёлтым — замеры (дни 1, 20, 40). Розовым — пять трудных разговоров. Синим — то, что заполняешь ты.

Sheet Разговоры
A1: Разговоры с людьми
A2: Пятый трек: идёт ежедневно и к дням плана не привязан. Если «Выход» дня уже был живым разговором — записывай его сюда, отдельно добирать не нужно.
A4: Дата | B4: С кем | C4: Где | D4: Минут | E4: Тема | F4: В компании | G4: Трудный | H4: Ушёл в другой язык | I4: Что выбило
A5: 01.10.2026 | B5: сосед с площадки | C5: dog park | D5: 6 | E5: его собака, погода | I5: не смог сказать «поводок» — обошёл через to
A87: Строка 5 — пример, сотри её. «В компании» = поляков двое и больше и они говорят между собой. Начиная со второго круга — минимум один такой на каждые пять дней.

Sheet Единицы
A1: Пять единиц в день
A2: Единица — не слово, а кусок речи целиком: не brakować, а brakuje mi czasu. Два из провалов, два из просмотра, одно из грамматики дня.
A4: День | B4: Дата | C4: Источник | D4: Что хотел сказать (RU) | E4: Чем обошёлся | F4: Единица (PL) | G4: Фраза, которую скажу | H4: Сказал вслух
A5: 2 | B5: 02.10.2026 | C5: провал | D5: проснулся | E5: встал / wstałem | F5: obudziłem się | G5: Obudziłem się dziś bardzo wcześnie.
A207: Строка 5 — пример, сотри её. Единица без галочки «сказал вслух» не выучена. В дни замеров и сборки новых единиц может не быть вовсе — это не пропуск.

Sheet Замеры
A1: Три замера
A2: Две части подряд, на диктофон. Первая даёт сравнимость, вторая показывает перенос навыка.
A4: Замер | B4: День | C4: Дата | D4: Остановок >2 сек | E4: Длиннейший кусок, сек | F4: Досказал 3 мин ×3 | G4: Случайная тема: 90 сек целиком | H4: Остановок в случайной | I4: Что мешало больше всего
A5: Нулевой | B5: 1
A6: Средний | B6: 20
A7: Финальный | B7: 40
A9: Сдвиг между днём 1 и днём 40
A10: Остановок стало меньше на: | D10: =IF(COUNT(D5,D7)=2,D5-D7,"")
A11: Связный кусок вырос на, сек: | D11: =IF(COUNT(E5,E7)=2,E7-E5,"")
A12: Остановок на случайной теме меньше на: | D12: =IF(COUNT(H5,H7)=2,H5-H7,"")
A14: Цель дня 40: остановок вдвое меньше, чем в дне 1, связный кусок от 40 секунд, обе части досказаны целиком.

Sheet Ошибки
A1: Сквозные ошибки
A2: Перечитывать перед каждой сессией. Ставь счётчик за круг — сколько раз поймал себя. Падение цифры и есть прогресс.
A4: № | B4: Ошибка | C4: Круг 1 | D4: Круг 2 | E4: Круг 3 | F4: Круг 4 | G4: Круг 5 | H4: Круг 6 | I4: Круг 7 | J4: Круг 8 | K4: Всего
A5: 1 | B5: Пропуск связки jest / są / jestem там, где русская фраза без глагола | K5: =IF(COUNT(C5:J5)=0,"",SUM(C5:J5))
A6: 2 | B6: Именительный у существительного в роли после być: jestem programista (прилагательное — именительный) | K6: =IF(COUNT(C6:J6)=0,"",SUM(C6:J6))
A7: 3 | B7: Окончание -e в miejscownik по умолчанию, без проверки на -u и -i/-y | K7: =IF(COUNT(C7:J7)=0,"",SUM(C7:J7))
A8: 4 | B8: przy не в активе, подменяется на koło / obok | K8: =IF(COUNT(C8:J8)=0,"",SUM(C8:J8))
A9: 5 | B9: -ał вместо -eli во множественном прошедшем: mialiśmy вместо mieliśmy | K9: =IF(COUNT(C9:J9)=0,"",SUM(C9:J9))
A10: 6 | B10: Подмена незнакомого слова знакомым — прячет реальный пробел | K10: =IF(COUNT(C10:J10)=0,"",SUM(C10:J10))
A11: 7 | B11: Откат к русской модели на фонетически похожих словах | K11: =IF(COUNT(C11:J11)=0,"",SUM(C11:J11))
A12: 8 | B12: Расширение правила отрицания за пределы винительного: nie pomagam sąsiada | K12: =IF(COUNT(C12:J12)=0,"",SUM(C12:J12))
A13: 9 | B13: Пропуск диакритики при верной грамматике | K13: =IF(COUNT(C13:J13)=0,"",SUM(C13:J13))
A14: 10 | B14: Зависание при поиске слова дольше двух секунд | K14: =IF(COUNT(C14:J14)=0,"",SUM(C14:J14))
